Date,Value,Trend
0,NaN,NaN
1,NaN,NaN
2,NaN,NaN
3,NaN,NaN
4,NaN,NaN
5,NaN,NaN
6,NaN,NaN
7,NaN,NaN
8,NaN,NaN
9,NaN,NaN
10,NaN,NaN
11,NaN,NaN
12,NaN,NaN
13,NaN,NaN
14,NaN,NaN
15,NaN,NaN
16,NaN,NaN
17,NaN,NaN
18,NaN,NaN
19,NaN,NaN
20,NaN,NaN
21,NaN,NaN
22,NaN,NaN
23,NaN,NaN
24,NaN,NaN
25,NaN,NaN
26,NaN,NaN
27,NaN,NaN
28,NaN,NaN
29,NaN,NaN
30,NaN,NaN
31,NaN,NaN
32,NaN,NaN
33,NaN,NaN
34,NaN,NaN
35,NaN,NaN
36,NaN,NaN
37,NaN,NaN
38,NaN,NaN
39,NaN,NaN
40,NaN,NaN
41,NaN,NaN
42,NaN,NaN
43,NaN,NaN
44,NaN,NaN
45,NaN,NaN
46,NaN,NaN
47,NaN,NaN
48,NaN,NaN
49,NaN,NaN
50,NaN,NaN
51,NaN,NaN
52,NaN,NaN
53,NaN,NaN
54,NaN,NaN
55,NaN,NaN
56,NaN,NaN
57,NaN,NaN
58,NaN,NaN
59,NaN,NaN
60,NaN,NaN
61,NaN,NaN
62,NaN,NaN
63,NaN,NaN
64,NaN,NaN
65,NaN,NaN
66,NaN,NaN
67,NaN,NaN
68,NaN,NaN
69,NaN,NaN
70,NaN,NaN
71,NaN,NaN
72,NaN,NaN
73,NaN,NaN
74,NaN,NaN
75,NaN,NaN
76,NaN,NaN
77,NaN,NaN
78,NaN,NaN
79,NaN,NaN
80,NaN,NaN
81,NaN,NaN
82,NaN,NaN
83,NaN,NaN
84,NaN,NaN
85,NaN,NaN
86,NaN,NaN
87,NaN,NaN
88,NaN,NaN
89,NaN,NaN
90,NaN,NaN
91,NaN,NaN
92,NaN,NaN
93,NaN,NaN
94,NaN,NaN
95,NaN,NaN
96,NaN,NaN
97,NaN,NaN
98,NaN,NaN
99,NaN,NaN
100,NaN,NaN
101,NaN,NaN
102,NaN,NaN
103,NaN,NaN
104,NaN,NaN
105,NaN,NaN
106,NaN,NaN
107,NaN,NaN
108,NaN,NaN
109,NaN,NaN
110,NaN,NaN
111,NaN,NaN
112,NaN,NaN
113,NaN,NaN
114,NaN,NaN
115,NaN,NaN
116,NaN,NaN
117,NaN,NaN
118,NaN,NaN
119,NaN,NaN
120,NaN,NaN
121,NaN,NaN
122,NaN,NaN
123,NaN,NaN
124,NaN,NaN
125,NaN,NaN
126,NaN,NaN
127,NaN,NaN
128,NaN,NaN
129,NaN,NaN
130,NaN,NaN
131,NaN,NaN
132,NaN,NaN
133,NaN,NaN
134,NaN,NaN
135,NaN,NaN
136,NaN,NaN
137,NaN,NaN
138,NaN,NaN
139,NaN,NaN
140,NaN,NaN
141,NaN,NaN
142,NaN,NaN
143,NaN,NaN
144,NaN,NaN
145,NaN,NaN
146,NaN,NaN
147,NaN,NaN
148,NaN,NaN
149,NaN,NaN
150,NaN,NaN
151,NaN,NaN
152,NaN,NaN
153,NaN,NaN
154,NaN,NaN
155,NaN,NaN
156,NaN,NaN
157,NaN,NaN
158,NaN,NaN
159,NaN,NaN
160,NaN,NaN
161,NaN,NaN
162,NaN,NaN
163,NaN,NaN
164,NaN,NaN
165,NaN,NaN
166,NaN,NaN
167,NaN,NaN
168,NaN,NaN
169,NaN,NaN
170,NaN,NaN
171,NaN,NaN
172,NaN,NaN
173,NaN,NaN
174,NaN,NaN
175,NaN,NaN
176,NaN,NaN
177,NaN,NaN
178,NaN,NaN
179,NaN,NaN
180,NaN,NaN
181,NaN,NaN
182,NaN,NaN
183,NaN,NaN
184,NaN,NaN
185,NaN,NaN
186,NaN,NaN
187,NaN,NaN
188,NaN,NaN
189,NaN,NaN
190,NaN,NaN
191,NaN,NaN
192,NaN,NaN
193,NaN,NaN
194,NaN,NaN
195,NaN,NaN
196,NaN,NaN
197,NaN,NaN
198,NaN,NaN
199,NaN,NaN
200,NaN,NaN
201,NaN,NaN
202,NaN,NaN
203,NaN,NaN
204,NaN,NaN
205,NaN,NaN
206,NaN,NaN
207,NaN,NaN
208,NaN,NaN
209,NaN,NaN
210,NaN,NaN
211,NaN,NaN
212,NaN,NaN
213,NaN,NaN
214,NaN,NaN
215,NaN,NaN
216,NaN,NaN
217,NaN,NaN
218,NaN,NaN
219,NaN,NaN
220,NaN,NaN
221,NaN,NaN
222,NaN,NaN
223,NaN,NaN
224,NaN,NaN
225,NaN,NaN
226,NaN,NaN
227,NaN,NaN
228,NaN,NaN
229,NaN,NaN
230,NaN,NaN
231,NaN,NaN
232,NaN,NaN
233,NaN,NaN
234,NaN,NaN
235,NaN,NaN
236,NaN,NaN
237,NaN,NaN
238,NaN,NaN
239,NaN,NaN
240,NaN,NaN
241,NaN,NaN
242,NaN,NaN
243,NaN,NaN
244,NaN,NaN
245,NaN,NaN
246,NaN,NaN
247,NaN,NaN
248,NaN,NaN
249,NaN,NaN
250,NaN,NaN
251,NaN,NaN
252,NaN,NaN
253,NaN,NaN
254,NaN,NaN
255,NaN,NaN
256,NaN,NaN
257,NaN,NaN
258,NaN,NaN
259,NaN,NaN
260,NaN,NaN
261,NaN,NaN
262,NaN,NaN
263,NaN,NaN
264,NaN,NaN
265,NaN,NaN
266,NaN,NaN
267,NaN,NaN
268,NaN,NaN
269,NaN,NaN
270,NaN,NaN
271,NaN,NaN
272,NaN,NaN
273,NaN,NaN
274,NaN,NaN
275,NaN,NaN
276,NaN,NaN
277,NaN,NaN
278,NaN,NaN
279,NaN,NaN
280,NaN,NaN
281,NaN,NaN
282,NaN,NaN
283,NaN,NaN
284,NaN,NaN
285,NaN,NaN
286,NaN,NaN
287,NaN,NaN
288,NaN,NaN
289,NaN,NaN
290,NaN,NaN
291,NaN,NaN
292,NaN,NaN
293,NaN,NaN
294,NaN,NaN
295,NaN,NaN
296,NaN,NaN
297,NaN,NaN
298,NaN,NaN
299,NaN,NaN
300,NaN,0.33029
301,NaN,0.33029
302,NaN,0.33029
303,NaN,0.33029
304,NaN,0.33029
305,NaN,0.33029
306,NaN,0.33029
307,NaN,0.33029
308,NaN,0.33029
309,NaN,0.33029
310,NaN,0.33029
311,NaN,0.33029
312,NaN,0.33029
313,NaN,0.33029
314,NaN,0.33029
315,NaN,0.33029
316,NaN,0.33029
317,NaN,0.33029
318,NaN,0.33029
319,NaN,0.33029
320,NaN,0.33029
321,NaN,0.33029
322,NaN,0.33029
323,NaN,0.33029
324,NaN,0.33029
325,NaN,0.33029
326,NaN,0.33029
327,NaN,0.33029
328,NaN,0.33029
329,NaN,0.33029
330,NaN,0.33029
331,NaN,0.33029
332,NaN,0.33029
333,NaN,0.33029
334,NaN,0.33029
335,NaN,0.33029
336,NaN,0.33029
337,NaN,0.33029
338,NaN,0.33029
339,NaN,0.33029
340,NaN,0.33029
341,NaN,0.33029
342,NaN,0.33029
343,NaN,0.33029
344,NaN,0.33029
345,NaN,0.33029
346,NaN,0.33029
347,NaN,0.33029
348,NaN,0.33029
349,NaN,0.33029
350,NaN,0.33029
351,NaN,0.33029
352,NaN,0.33029
353,NaN,0.33029
354,NaN,0.33029
355,NaN,0.33029
356,NaN,0.33029
357,NaN,0.33029
358,NaN,0.33029
359,NaN,0.33029
360,NaN,0.33029
361,NaN,0.33029
362,NaN,0.33029
363,NaN,0.33029
364,NaN,0.33029
365,NaN,0.33029
366,NaN,0.33029
367,NaN,0.33029
368,NaN,0.33029
369,NaN,0.33029
370,NaN,0.33029
371,NaN,0.33029
372,NaN,0.33029
373,NaN,0.33029
374,NaN,0.33029
375,NaN,0.33029
376,NaN,0.33029
377,NaN,0.33029
378,NaN,0.33029
379,NaN,0.33029
380,NaN,0.33029
381,NaN,0.33029
382,NaN,0.33029
383,NaN,0.33029
384,NaN,0.33029
385,NaN,0.33029
386,NaN,0.33029
387,NaN,0.33029
388,NaN,0.33029
389,NaN,0.33029
390,NaN,0.33029
391,NaN,0.33029
392,NaN,0.33029
393,NaN,0.33029
394,NaN,0.33029
395,NaN,0.33029
396,NaN,0.33029
397,NaN,0.33029
398,NaN,0.33029
399,NaN,0.33029
400,NaN,0.29348
401,NaN,0.29348
402,NaN,0.29348
403,NaN,0.29348
404,NaN,0.29348
405,NaN,0.29348
406,NaN,0.29348
407,NaN,0.29348
408,NaN,0.29348
409,NaN,0.29348
410,NaN,0.29348
411,NaN,0.29348
412,NaN,0.29348
413,NaN,0.29348
414,NaN,0.29348
415,NaN,0.29348
416,NaN,0.29348
417,NaN,0.29348
418,NaN,0.29348
419,NaN,0.29348
420,NaN,0.29348
421,NaN,0.29348
422,NaN,0.29348
423,NaN,0.29348
424,NaN,0.29348
425,NaN,0.29348
426,NaN,0.29348
427,NaN,0.29348
428,NaN,0.29348
429,NaN,0.29348
430,NaN,0.29348
431,NaN,0.29348
432,NaN,0.29348
433,NaN,0.29348
434,NaN,0.29348
435,NaN,0.29348
436,NaN,0.29348
437,NaN,0.29348
438,NaN,0.29348
439,NaN,0.29348
440,NaN,0.29348
441,NaN,0.29348
442,NaN,0.29348
443,NaN,0.29348
444,NaN,0.29348
445,NaN,0.29348
446,NaN,0.29348
447,NaN,0.29348
448,NaN,0.29348
449,NaN,0.29348
450,NaN,0.29348
451,NaN,0.29348
452,NaN,0.29348
453,NaN,0.29348
454,NaN,0.29348
455,NaN,0.29348
456,NaN,0.29348
457,NaN,0.29348
458,NaN,0.29348
459,NaN,0.29348
460,NaN,0.29348
461,NaN,0.29348
462,NaN,0.29348
463,NaN,0.29348
464,NaN,0.29348
465,NaN,0.29348
466,NaN,0.29348
467,NaN,0.29348
468,NaN,0.29348
469,NaN,0.29348
470,NaN,0.29348
471,NaN,0.29348
472,NaN,0.29348
473,NaN,0.29348
474,NaN,0.29348
475,NaN,0.29348
476,NaN,0.29348
477,NaN,0.29348
478,NaN,0.29348
479,NaN,0.29348
480,NaN,0.29348
481,NaN,0.29348
482,NaN,0.29348
483,NaN,0.29348
484,NaN,0.29348
485,NaN,0.29348
486,NaN,0.29348
487,NaN,0.29348
488,NaN,0.29348
489,NaN,0.29348
490,NaN,0.29348
491,NaN,0.29348
492,NaN,0.29348
493,NaN,0.29348
494,NaN,0.29348
495,NaN,0.29348
496,NaN,0.29348
497,NaN,0.29348
498,NaN,0.29348
499,NaN,0.29348
500,-0.33115,0.29753
501,-0.32511,0.29753
502,-0.31821,0.29753
503,-0.31077,0.29753
504,-0.30229,0.29753
505,-0.29163,0.29753
506,-0.27767,0.29753
507,-0.26003,0.29753
508,-0.23953,0.29753
509,-0.21825,0.29753
510,-0.199,0.29753
511,-0.18445,0.29753
512,-0.17615,0.29753
513,-0.17393,0.29753
514,-0.17582,0.29753
515,-0.17857,0.29753
516,-0.17871,0.29753
517,-0.17364,0.29753
518,-0.16252,0.29753
519,-0.14648,0.29753
520,-0.12834,0.29753
521,-0.11171,0.29753
522,-0.099905,0.29753
523,-0.095066,0.29753
524,-0.097694,0.29753
525,-0.10673,0.29753
526,-0.12009,0.29753
527,-0.13539,0.29753
528,-0.15058,0.29753
529,-0.16424,0.29753
530,-0.1756,0.29753
531,-0.18429,0.29753
532,-0.19005,0.29753
533,-0.19275,0.29753
534,-0.19249,0.29753
535,-0.19005,0.29753
536,-0.18713,0.29753
537,-0.18632,0.29753
538,-0.19061,0.29753
539,-0.20253,0.29753
540,-0.22311,0.29753
541,-0.25121,0.29753
542,-0.28343,0.29753
543,-0.31482,0.29753
544,-0.3401,0.29753
545,-0.35519,0.29753
546,-0.35837,0.29753
547,-0.35064,0.29753
548,-0.33532,0.29753
549,-0.31681,0.29753
550,-0.29909,0.29753
551,-0.28447,0.29753
552,-0.27299,0.29753
553,-0.26261,0.29753
554,-0.25014,0.29753
555,-0.23251,0.29753
556,-0.20796,0.29753
557,-0.17669,0.29753
558,-0.14094,0.29753
559,-0.10447,0.29753
560,-0.071593,0.29753
561,-0.046105,0.29753
562,-0.030401,0.29753
563,-0.024866,0.29753
564,-0.027728,0.29753
565,-0.035383,0.29753
566,-0.043156,0.29753
567,-0.046409,0.29753
568,-0.041776,0.29753
569,-0.028239,0.29753
570,-0.007717,0.29753
571,0.015112,0.29753
572,0.033851,0.29753
573,0.042109,0.29753
574,0.035476,0.29753
575,0.013156,0.29753
576,-0.021311,0.29753
577,-0.060568,0.29753
578,-0.09515,0.29753
579,-0.11595,0.29753
580,-0.11673,0.29753
581,-0.095889,0.29753
582,-0.057014,0.29753
583,-0.0079184,0.29753
584,0.04143,0.29753
585,0.081547,0.29753
586,0.10584,0.29753
587,0.11209,0.29753
588,0.10268,0.29753
589,0.083546,0.29753
590,0.062255,0.29753
591,0.045794,0.29753
592,0.038757,0.29753
593,0.042365,0.29753
594,0.05453,0.29753
595,0.070836,0.29753
596,0.086069,0.29753
597,0.09579,0.29753
598,0.097494,0.29753
599,0.091049,0.29753
600,0.078358,0.29543
601,0.062433,0.29543
602,0.046213,0.29543
603,0.031545,0.29543
604,0.018634,0.29543
605,0.0061185,0.29543
606,-0.0083096,0.29543
607,-0.02696,0.29543
608,-0.05122,0.29543
609,-0.08093,0.29543
610,-0.11426,0.29543
611,-0.14809,0.29543
612,-0.17875,0.29543
613,-0.20298,0.29543
614,-0.21868,0.29543
615,-0.22551,0.29543
616,-0.22497,0.29543
617,-0.2201,0.29543
618,-0.21474,0.29543
619,-0.21263,0.29543
620,-0.21642,0.29543
621,-0.22693,0.29543
622,-0.2428,0.29543
623,-0.26071,0.29543
624,-0.27615,0.29543
625,-0.2846,0.29543
626,-0.2828,0.29543
627,-0.26969,0.29543
628,-0.24683,0.29543
629,-0.21806,0.29543
630,-0.18855,0.29543
631,-0.1634,0.29543
632,-0.14641,0.29543
633,-0.13922,0.29543
634,-0.14117,0.29543
635,-0.14984,0.29543
636,-0.16213,0.29543
637,-0.17531,0.29543
638,-0.18788,0.29543
639,-0.19982,0.29543
640,-0.21225,0.29543
641,-0.22659,0.29543
642,-0.24371,0.29543
643,-0.26318,0.29543
644,-0.28309,0.29543
645,-0.30036,0.29543
646,-0.31149,0.29543
647,-0.31351,0.29543
648,-0.30483,0.29543
649,-0.28571,0.29543
650,-0.25826,0.29543
651,-0.22607,0.29543
652,-0.19343,0.29543
653,-0.16449,0.29543
654,-0.14246,0.29543
655,-0.12912,0.29543
656,-0.12463,0.29543
657,-0.1277,0.29543
658,-0.13603,0.29543
659,-0.14687,0.29543
660,-0.15754,0.29543
661,-0.16579,0.29543
662,-0.16993,0.29543
663,-0.16887,0.29543
664,-0.16201,0.29543
665,-0.14926,0.29543
666,-0.13111,0.29543
667,-0.10883,0.29543
668,-0.084536,0.29543
669,-0.061093,0.29543
670,-0.041722,0.29543
671,-0.029319,0.29543
672,-0.02569,0.29543
673,-0.030973,0.29543
674,-0.043478,0.29543
675,-0.060094,0.29543
676,-0.077161,0.29543
677,-0.091555,0.29543
678,-0.10159,0.29543
679,-0.10742,0.29543
680,-0.11072,0.29543
681,-0.11385,0.29543
682,-0.11875,0.29543
683,-0.12599,0.29543
684,-0.13446,0.29543
685,-0.14173,0.29543
686,-0.14513,0.29543
687,-0.14299,0.29543
688,-0.13567,0.29543
689,-0.12595,0.29543
690,-0.11848,0.29543
691,-0.11842,0.29543
692,-0.1298,0.29543
693,-0.15398,0.29543
694,-0.18884,0.29543
695,-0.2291,0.29543
696,-0.26754,0.29543
697,-0.297,0.29543
698,-0.3124,0.29543
699,-0.3122,0.29543
700,-0.29841,0.29343
701,-0.27889,0.29343
702,-0.2597,0.29343
703,-0.24715,0.29343
704,-0.24517,0.29343
705,-0.25431,0.29343
706,-0.27173,0.29343
707,-0.29214,0.29343
708,-0.30935,0.29343
709,-0.31803,0.29343
710,-0.31508,0.29343
711,-0.30035,0.29343
712,-0.27657,0.29343
713,-0.24844,0.29343
714,-0.22138,0.29343
715,-0.20014,0.29343
716,-0.18773,0.29343
717,-0.18486,0.29343
718,-0.19003,0.29343
719,-0.20004,0.29343
720,-0.21095,0.29343
721,-0.21899,0.29343
722,-0.22138,0.29343
723,-0.21678,0.29343
724,-0.20532,0.29343
725,-0.18834,0.29343
726,-0.16788,0.29343
727,-0.14606,0.29343
728,-0.12467,0.29343
729,-0.10492,0.29343
730,-0.087548,0.29343
731,-0.073063,0.29343
732,-0.062139,0.29343
733,-0.055862,0.29343
734,-0.055735,0.29343
735,-0.063383,0.29343
736,-0.080018,0.29343
737,-0.10583,0.29343
738,-0.13958,0.29343
739,-0.1785,0.29343
740,-0.21866,0.29343
741,-0.25575,0.29343
742,-0.28592,0.29343
743,-0.30665,0.29343
744,-0.31713,0.29343
745,-0.31829,0.29343
746,-0.31233,0.29343
747,-0.302,0.29343
748,-0.28985,0.29343
749,-0.27774,0.29343
750,-0.26661,0.29343
751,-0.25655,0.29343
752,-0.24715,0.29343
753,-0.23774,0.29343
754,-0.22766,0.29343
755,-0.21625,0.29343
756,-0.20291,0.29343
757,-0.18701,0.29343
758,-0.16804,0.29343
759,-0.14581,0.29343
760,-0.12071,0.29343
761,-0.093959,0.29343
762,-0.067505,0.29343
763,-0.043794,0.29343
764,-0.025227,0.29343
765,-0.013585,0.29343
766,-0.0095705,0.29343
767,-0.012642,0.29343
768,-0.021204,0.29343
769,-0.033082,0.29343
770,-0.046109,0.29343
771,-0.058622,0.29343
772,-0.069695,0.29343
773,-0.079054,0.29343
774,-0.086748,0.29343
775,-0.092731,0.29343
776,-0.09656,0.29343
777,-0.097348,0.29343
778,-0.094007,0.29343
779,-0.085709,0.29343
780,-0.072377,0.29343
781,-0.055007,0.29343
782,-0.03567,0.29343
783,-0.017158,0.29343
784,-0.0023597,0.29343
785,0.0064306,0.29343
786,0.0080587,0.29343
787,0.0027285,0.29343
788,-0.0081658,0.29343
789,-0.022519,0.29343
790,-0.038126,0.29343
791,-0.053219,0.29343
792,-0.06676,0.29343
793,-0.078426,0.29343
794,-0.088361,0.29343
795,-0.096833,0.29343
796,-0.10397,0.29343
797,-0.1097,0.29343
798,-0.11383,0.29343
799,-0.11633,0.29343
800,-0.11745,0.29343
801,-0.11779,0.29343
802,-0.11811,0.29343
803,-0.11903,0.29343
804,-0.12074,0.29343
805,-0.12291,0.29343
806,-0.12484,0.29343
807,-0.12578,0.29343
808,-0.12535,0.29343
809,-0.12373,0.29343
810,-0.1216,0.29343
811,-0.11974,0.29343
812,-0.11843,0.29343
813,-0.11701,0.29343
814,-0.11374,0.29343
815,-0.10622,0.29343
816,-0.092225,0.29343
817,-0.070668,0.29343
818,-0.042457,0.29343
819,-0.010733,0.29343
820,0.019589,0.29343
821,0.042933,0.29343
822,0.054511,0.29343
823,0.051667,0.29343
824,0.034676,0.29343
825,0.0067489,0.29343
826,-0.026769,0.29343
827,-0.059768,0.29343
828,-0.086881,0.29343
829,-0.10472,0.29343
830,-0.11247,0.29343
831,-0.11178,0.29343
832,-0.10598,0.29343
833,-0.098961,0.29343
834,-0.094021,0.29343
835,-0.093044,0.29343
836,-0.096149,0.29343
837,-0.10186,0.29343
838,-0.10768,0.29343
839,-0.11088,0.29343
840,-0.10924,0.29343
841,-0.1016,0.29343
842,-0.088167,0.29343
843,-0.070434,0.29343
844,-0.050889,0.29343
845,-0.032488,0.29343
846,-0.018036,0.29343
847,-0.0095656,0.29343
848,-0.0078517,0.29343
849,-0.012164,0.29343
850,-0.02036,0.29343
851,-0.029333,0.29343
852,-0.035738,0.29343
853,-0.036837,0.29343
854,-0.031217,0.29343
855,-0.019192,0.29343
856,-0.0027493,0.29343
857,0.014942,0.29343
858,0.030311,0.29343
859,0.040225,0.29343
860,0.04266,0.29343
861,0.037042,0.29343
862,0.024256,0.29343
863,0.0063666,0.29343
864,-0.013784,0.29343
865,-0.032988,0.29343
866,-0.048037,0.29343
867,-0.056044,0.29343
868,-0.054769,0.29343
869,-0.04299,0.29343
870,-0.020866,0.29343
871,0.0097875,0.29343
872,0.045489,0.29343
873,0.081437,0.29343
874,0.11225,0.29343
875,0.13299,0.29343
876,0.14018,0.29343
877,0.13263,0.29343
878,0.11165,0.29343
879,0.080705,0.29343
880,0.044522,0.29343
881,0.0078781,0.29343
882,-0.025485,0.29343
883,-0.053538,0.29343
884,-0.076022,0.29343
885,-0.093931,0.29343
886,-0.10863,0.29343
887,-0.121,0.29343
888,-0.13091,0.29343
889,-0.13724,0.29343
890,-0.13848,0.29343
891,-0.13356,0.29343
892,-0.12263,0.29343
893,-0.10741,0.29343
894,-0.091031,0.29343
895,-0.077191,0.29343
896,-0.069163,0.29343
897,-0.068816,0.29343
898,-0.076104,0.29343
899,-0.089179,0.29343
900,-0.10507,0.28493
901,-0.12069,0.28493
902,-0.13376,0.28493
903,-0.14336,0.28493
904,-0.14992,0.28493
905,-0.15468,0.28493
906,-0.15889,0.28493
907,-0.16304,0.28493
908,-0.16652,0.28493
909,-0.16778,0.28493
910,-0.16498,0.28493
911,-0.15686,0.28493
912,-0.14352,0.28493
913,-0.12675,0.28493
914,-0.10974,0.28493
915,-0.096298,0.28493
916,-0.089728,0.28493
917,-0.091768,0.28493
918,-0.10201,0.28493
919,-0.118,0.28493
920,-0.13597,0.28493
921,-0.15207,0.28493
922,-0.16363,0.28493
923,-0.17003,0.28493
924,-0.17288,0.28493
925,-0.17551,0.28493
926,-0.18174,0.28493
927,-0.19459,0.28493
928,-0.21515,0.28493
929,-0.24201,0.28493
930,-0.27158,0.28493
931,-0.299,0.28493
932,-0.31942,0.28493
933,-0.3293,0.28493
934,-0.32723,0.28493
935,-0.31417,0.28493
936,-0.29301,0.28493
937,-0.26766,0.28493
938,-0.24205,0.28493
939,-0.21921,0.28493
940,-0.20082,0.28493
941,-0.18713,0.28493
942,-0.17733,0.28493
943,-0.17014,0.28493
944,-0.16432,0.28493
945,-0.15908,0.28493
946,-0.1542,0.28493
947,-0.14994,0.28493
948,-0.14676,0.28493
949,-0.14507,0.28493
950,-0.14497,0.28493
951,-0.14611,0.28493
952,-0.14774,0.28493
953,-0.14874,0.28493
954,-0.14779,0.28493
955,-0.14345,0.28493
956,-0.13441,0.28493
957,-0.11956,0.28493
958,-0.098255,0.28493
959,-0.070497,0.28493
960,-0.037101,0.28493
961,0.00022887,0.28493
962,0.039,0.28493
963,0.076235,0.28493
964,0.10895,0.28493
965,0.13472,0.28493
966,0.15217,0.28493
967,0.16125,0.28493
968,0.16321,0.28493
969,0.16021,0.28493
970,0.15472,0.28493
971,0.14879,0.28493
972,0.14359,0.28493
973,0.13906,0.28493
974,0.13418,0.28493
975,0.12739,0.28493
976,0.11733,0.28493
977,0.10348,0.28493
978,0.086572,0.28493
979,0.068548,0.28493
980,0.052162,0.28493
981,0.040202,0.28493
982,0.034644,0.28493
983,0.035959,0.28493
984,0.042814,0.28493
985,0.05227,0.28493
986,0.060467,0.28493
987,0.063613,0.28493
988,0.058997,0.28493
989,0.045747,0.28493
990,0.025082,0.28493
991,-1.6849e-05,0.28493
992,-0.025634,0.28493
993,-0.048,0.28493
994,-0.064492,0.28493
995,-0.074251,0.28493
996,-0.078232,0.28493
997,-0.078674,0.28493
998,-0.078212,0.28493
999,-0.078934,0.28493
1000,-0.090908,0.28601
1001,-0.094584,0.28601
1002,-0.098428,0.28601
1003,-0.101,0.28601
1004,-0.10145,0.28601
1005,-0.10007,0.28601
1006,-0.098245,0.28601
1007,-0.097963,0.28601
1008,-0.101,0.28601
1009,-0.10813,0.28601
1010,-0.11866,0.28601
1011,-0.13056,0.28601
1012,-0.14111,0.28601
1013,-0.14784,0.28601
1014,-0.14941,0.28601
1015,-0.14615,0.28601
1016,-0.13993,0.28601
1017,-0.13353,0.28601
1018,-0.12958,0.28601
1019,-0.12958,0.28601
1020,-0.13328,0.28601
1021,-0.13864,0.28601
1022,-0.14249,0.28601
1023,-0.14161,0.28601
1024,-0.13387,0.28601
1025,-0.11919,0.28601
1026,-0.099767,0.28601
1027,-0.07968,0.28601
1028,-0.063834,0.28601
1029,-0.056615,0.28601
1030,-0.060624,0.28601
1031,-0.075876,0.28601
1032,-0.099694,0.28601
1033,-0.12736,0.28601
1034,-0.15329,0.28601
1035,-0.17247,0.28601
1036,-0.18166,0.28601
1037,-0.18012,0.28601
1038,-0.16957,0.28601
1039,-0.15359,0.28601
1040,-0.13638,0.28601
1041,-0.1216,0.28601
1042,-0.1113,0.28601
1043,-0.10548,0.28601
1044,-0.10232,0.28601
1045,-0.098902,0.28601
1046,-0.092369,0.28601
1047,-0.081008,0.28601
1048,-0.064965,0.28601
1049,-0.046361,0.28601
1050,-0.028724,0.28601
1051,-0.015932,0.28601
1052,-0.010954,0.28601
1053,-0.014815,0.28601
1054,-0.026129,0.28601
1055,-0.041382,0.28601
1056,-0.055917,0.28601
1057,-0.065338,0.28601
1058,-0.066907,0.28601
1059,-0.060465,0.28601
1060,-0.048572,0.28601
1061,-0.035781,0.28601
1062,-0.027249,0.28601
1063,-0.027114,0.28601
1064,-0.037158,0.28601
1065,-0.056192,0.28601
1066,-0.080369,0.28601
1067,-0.10432,0.28601
1068,-0.12275,0.28601
1069,-0.13199,0.28601
1070,-0.13098,0.28601
1071,-0.12142,0.28601
1072,-0.10706,0.28601
1073,-0.09247,0.28601
1074,-0.081632,0.28601
1075,-0.076875,0.28601
1076,-0.078472,0.28601
1077,-0.084912,0.28601
1078,-0.09371,0.28601
1079,-0.10239,0.28601
1080,-0.10931,0.28601
1081,-0.11402,0.28601
1082,-0.11716,0.28601
1083,-0.11996,0.28601
1084,-0.1236,0.28601
1085,-0.12874,0.28601
1086,-0.13535,0.28601
1087,-0.14283,0.28601
1088,-0.15053,0.28601
1089,-0.1582,0.28601
1090,-0.16629,0.28601
1091,-0.17599,0.28601
1092,-0.18883,0.28601
1093,-0.20617,0.28601
1094,-0.22853,0.28601
1095,-0.25525,0.28601
1096,-0.28436,0.28601
1097,-0.31302,0.28601
1098,-0.33817,0.28601
1099,-0.35742,0.28601
1100,-0.36968,0.28601
1101,-0.37555,0.28601
1102,-0.37718,0.28601
1103,-0.37763,0.28601
1104,-0.38003,0.28601
1105,-0.38663,0.28601
1106,-0.39811,0.28601
1107,-0.4134,0.28601
1108,-0.42992,0.28601
1109,-0.44437,0.28601
1110,-0.45368,0.28601
1111,-0.45587,0.28601
1112,-0.45062,0.28601
1113,-0.43933,0.28601
1114,-0.42473,0.28601
1115,-0.41012,0.28601
1116,-0.39847,0.28601
1117,-0.39173,0.28601
1118,-0.39039,0.28601
1119,-0.39341,0.28601
1120,-0.39864,0.28601
1121,-0.40338,0.28601
1122,-0.40505,0.28601
1123,-0.40181,0.28601
1124,-0.39293,0.28601
1125,-0.37888,0.28601
1126,-0.36126,0.28601
1127,-0.34238,0.28601
1128,-0.32481,0.28601
1129,-0.31087,0.28601
1130,-0.30217,0.28601
1131,-0.29936,0.28601
1132,-0.302,0.28601
1133,-0.30867,0.28601
1134,-0.31735,0.28601
1135,-0.32581,0.28601
1136,-0.33215,0.28601
1137,-0.33524,0.28601
1138,-0.33494,0.28601
1139,-0.33219,0.28601
1140,-0.32879,0.28601
1141,-0.32691,0.28601
1142,-0.3286,0.28601
1143,-0.3352,0.28601
1144,-0.34703,0.28601
1145,-0.36324,0.28601
1146,-0.38195,0.28601
1147,-0.40071,0.28601
1148,-0.41701,0.28601
1149,-0.42879,0.28601
1150,-0.43481,0.28601
1151,-0.43482,0.28601
1152,-0.42942,0.28601
1153,-0.4199,0.28601
1154,-0.40784,0.28601
1155,-0.39491,0.28601
1156,-0.38257,0.28601
1157,-0.37205,0.28601
1158,-0.36418,0.28601
1159,-0.35944,0.28601
1160,-0.35784,0.28601
1161,-0.35893,0.28601
1162,-0.36175,0.28601
1163,-0.36494,0.28601
1164,-0.36692,0.28601
1165,-0.36612,0.28601
1166,-0.36133,0.28601
1167,-0.35192,0.28601
1168,-0.33799,0.28601
1169,-0.32036,0.28601
1170,-0.30037,0.28601
1171,-0.27968,0.28601
1172,-0.25994,0.28601
1173,-0.24262,0.28601
1174,-0.2289,0.28601
1175,-0.21969,0.28601
1176,-0.21573,0.28601
1177,-0.2176,0.28601
1178,-0.22576,0.28601
1179,-0.2404,0.28601
1180,-0.26125,0.28601
1181,-0.28736,0.28601
1182,-0.31697,0.28601
1183,-0.34755,0.28601
1184,-0.37618,0.28601
1185,-0.39998,0.28601
1186,-0.41673,0.28601
1187,-0.42534,0.28601
1188,-0.42609,0.28601
1189,-0.42045,0.28601
1190,-0.41062,0.28601
1191,-0.39882,0.28601
1192,-0.38661,0.28601
1193,-0.37448,0.28601
1194,-0.36181,0.28601
1195,-0.34732,0.28601
1196,-0.32975,0.28601
1197,-0.30866,0.28601
1198,-0.28492,0.28601
1199,-0.26075,0.28601
1200,-0.23925,0.28601
1201,-0.22353,0.28601
1202,-0.2157,0.28601
1203,-0.21619,0.28601
1204,-0.22352,0.28601
1205,-0.2348,0.28601
1206,-0.24665,0.28601
1207,-0.25635,0.28601
1208,-0.26269,0.28601
1209,-0.26631,0.28601
1210,-0.26926,0.28601
1211,-0.27396,0.28601
1212,-0.28208,0.28601
1213,-0.29351,0.28601
1214,-0.30615,0.28601
1215,-0.31634,0.28601
1216,-0.32003,0.28601
1217,-0.31418,0.28601
1218,-0.29781,0.28601
1219,-0.27253,0.28601
1220,-0.24207,0.28601
1221,-0.2113,0.28601
1222,-0.1848,0.28601
1223,-0.16569,0.28601
1224,-0.15503,0.28601
1225,-0.1519,0.28601
1226,-0.15407,0.28601
1227,-0.15895,0.28601
1228,-0.16439,0.28601
1229,-0.16907,0.28601
1230,-0.17245,0.28601
1231,-0.17437,0.28601
1232,-0.17466,0.28601
1233,-0.17289,0.28601
1234,-0.16862,0.28601
1235,-0.16185,0.28601
1236,-0.15344,0.28601
1237,-0.1454,0.28601
1238,-0.14056,0.28601
1239,-0.14182,0.28601
1240,-0.15119,0.28601
1241,-0.16884,0.28601
1242,-0.1928,0.28601
1243,-0.21927,0.28601
1244,-0.24364,0.28601
1245,-0.26183,0.28601
1246,-0.2716,0.28601
1247,-0.27311,0.28601
1248,-0.26887,0.28601
1249,-0.2627,0.28601
1250,-0.25831,0.28601
1251,-0.258,0.28601
1252,-0.26174,0.28601
1253,-0.26724,0.28601
1254,-0.27078,0.28601
1255,-0.26861,0.28601
1256,-0.25839,0.28601
1257,-0.24012,0.28601
1258,-0.21627,0.28601
1259,-0.19113,0.28601
1260,-0.16953,0.28601
1261,-0.15544,0.28601
1262,-0.151,0.28601
1263,-0.15618,0.28601
1264,-0.16922,0.28601
1265,-0.18753,0.28601
1266,-0.20881,0.28601
1267,-0.23168,0.28601
1268,-0.25592,0.28601
1269,-0.28193,0.28601
1270,-0.30998,0.28601
1271,-0.33938,0.28601
1272,-0.36806,0.28601
1273,-0.39282,0.28601
1274,-0.41011,0.28601
1275,-0.41723,0.28601
1276,-0.41336,0.28601
1277,-0.40009,0.28601
1278,-0.38128,0.28601
1279,-0.36206,0.28601
1280,-0.34742,0.28601
1281,-0.34078,0.28601
1282,-0.34302,0.28601
1283,-0.35231,0.28601
1284,-0.36477,0.28601
1285,-0.37589,0.28601
1286,-0.38201,0.28601
1287,-0.38154,0.28601
1288,-0.37548,0.28601
1289,-0.3669,0.28601
1290,-0.35985,0.28601
1291,-0.35774,0.28601
1292,-0.36205,0.28601
1293,-0.37162,0.28601
1294,-0.38296,0.28601
1295,-0.3913,0.28601
1296,-0.39225,0.28601
1297,-0.38339,0.28601
1298,-0.36528,0.28601
1299,-0.3415,0.28601
1300,-0.31778,0.29168
1301,-0.30028,0.29168
1302,-0.29367,0.29168
1303,-0.29965,0.29168
1304,-0.31623,0.29168
1305,-0.33828,0.29168
1306,-0.35895,0.29168
1307,-0.37174,0.29168
1308,-0.37246,0.29168
1309,-0.36061,0.29168
1310,-0.33949,0.29168
1311,-0.31532,0.29168
1312,-0.29527,0.29168
1313,-0.28534,0.29168
1314,-0.2884,0.29168
1315,-0.30327,0.29168
1316,-0.32489,0.29168
1317,-0.34569,0.29168
1318,-0.35759,0.29168
1319,-0.35419,0.29168
1320,-0.33244,0.29168
1321,-0.29338,0.29168
1322,-0.24181,0.29168
1323,-0.18504,0.29168
1324,-0.13117,0.29168
1325,-0.08738,0.29168
1326,-0.058658,0.29168
1327,-0.047311,0.29168
1328,-0.053206,0.29168
1329,-0.074541,0.29168
1330,-0.10879,0.29168
1331,-0.15342,0.29168
1332,-0.20625,0.29168
1333,-0.26524,0.29168
1334,-0.32809,0.29168
1335,-0.3917,0.29168
1336,-0.45206,0.29168
1337,-0.50456,0.29168
1338,-0.54478,0.29168
1339,-0.5696,0.29168
1340,-0.5782,0.29168
1341,-0.57263,0.29168
1342,-0.5576,0.29168
1343,-0.53954,0.29168
1344,-0.52502,0.29168
1345,-0.51905,0.29168
1346,-0.52367,0.29168
1347,-0.53735,0.29168
1348,-0.5554,0.29168
1349,-0.57125,0.29168
1350,-0.57831,0.29168
1351,-0.57184,0.29168
1352,-0.55014,0.29168
1353,-0.51497,0.29168
1354,-0.47077,0.29168
1355,-0.42331,0.29168
1356,-0.3779,0.29168
1357,-0.33808,0.29168
1358,-0.3049,0.29168
1359,-0.27726,0.29168
1360,-0.25282,0.29168
1361,-0.2294,0.29168
1362,-0.20604,0.29168
1363,-0.1835,0.29168
1364,-0.16396,0.29168
1365,-0.15005,0.29168
1366,-0.14362,0.29168
1367,-0.14469,0.29168
1368,-0.1511,0.29168
1369,-0.15901,0.29168
1370,-0.16398,0.29168
1371,-0.16246,0.29168
1372,-0.15303,0.29168
1373,-0.13688,0.29168
1374,-0.11756,0.29168
1375,-0.099729,0.29168
1376,-0.087676,0.29168
1377,-0.083845,0.29168
1378,-0.088037,0.29168
1379,-0.097518,0.29168
1380,-0.10802,0.29168
1381,-0.11526,0.29168
1382,-0.11653,0.29168
1383,-0.11171,0.29168
1384,-0.10337,0.29168
1385,-0.096022,0.29168
1386,-0.094678,0.29168
1387,-0.10321,0.29168
1388,-0.12317,0.29168
1389,-0.1533,0.29168
1390,-0.18998,0.29168
1391,-0.22832,0.29168
1392,-0.26354,0.29168
1393,-0.29209,0.29168
1394,-0.31233,0.29168
1395,-0.32434,0.29168
1396,-0.3294,0.29168
1397,-0.32903,0.29168
1398,-0.32431,0.29168
1399,-0.31549,0.29168
1400,-0.29117,0.28603
1401,-0.27194,0.28603
1402,-0.25022,0.28603
1403,-0.22703,0.28603
1404,-0.20381,0.28603
1405,-0.18229,0.28603
1406,-0.16415,0.28603
1407,-0.15069,0.28603
1408,-0.14257,0.28603
1409,-0.13966,0.28603
1410,-0.14117,0.28603
1411,-0.14582,0.28603
1412,-0.15227,0.28603
1413,-0.1593,0.28603
1414,-0.16613,0.28603
1415,-0.17239,0.28603
1416,-0.17809,0.28603
1417,-0.18339,0.28603
1418,-0.18843,0.28603
1419,-0.19313,0.28603
1420,-0.19712,0.28603
1421,-0.1998,0.28603
1422,-0.2005,0.28603
1423,-0.19871,0.28603
1424,-0.19437,0.28603
1425,-0.18798,0.28603
1426,-0.18074,0.28603
1427,-0.17443,0.28603
1428,-0.17117,0.28603
1429,-0.17297,0.28603
1430,-0.18133,0.28603
1431,-0.19677,0.28603
1432,-0.21852,0.28603
1433,-0.24455,0.28603
1434,-0.27182,0.28603
1435,-0.29682,0.28603
1436,-0.31641,0.28603
1437,-0.32845,0.28603
1438,-0.33249,0.28603
1439,-0.32987,0.28603
1440,-0.32355,0.28603
1441,-0.31744,0.28603
1442,-0.31551,0.28603
1443,-0.32086,0.28603
1444,-0.33504,0.28603
1445,-0.35779,0.28603
1446,-0.38725,0.28603
1447,-0.4206,0.28603
1448,-0.45489,0.28603
1449,-0.48785,0.28603
1450,-0.51835,0.28603
1451,-0.54641,0.28603
1452,-0.57282,0.28603
1453,-0.59837,0.28603
1454,-0.62316,0.28603
1455,-0.64605,0.28603
1456,-0.66468,0.28603
1457,-0.67588,0.28603
1458,-0.6766,0.28603
1459,-0.66494,0.28603
1460,-0.64098,0.28603
1461,-0.60725,0.28603
1462,-0.56851,0.28603
1463,-0.53098,0.28603
1464,-0.50103,0.28603
1465,-0.48385,0.28603
1466,-0.4822,0.28603
1467,-0.49573,0.28603
1468,-0.52099,0.28603
1469,-0.5521,0.28603
1470,-0.582,0.28603
1471,-0.60405,0.28603
1472,-0.61343,0.28603
1473,-0.60824,0.28603
1474,-0.58983,0.28603
1475,-0.56243,0.28603
1476,-0.53205,0.28603
1477,-0.50494,0.28603
1478,-0.48605,0.28603
1479,-0.47787,0.28603
1480,-0.4799,0.28603
1481,-0.48895,0.28603
1482,-0.50013,0.28603
1483,-0.50826,0.28603
1484,-0.50924,0.28603
1485,-0.50113,0.28603
1486,-0.48447,0.28603
1487,-0.46202,0.28603
1488,-0.43782,0.28603
1489,-0.41604,0.28603
1490,-0.39989,0.28603
1491,-0.39087,0.28603
1492,-0.38855,0.28603
1493,-0.39092,0.28603
1494,-0.39508,0.28603
1495,-0.39812,0.28603
1496,-0.39792,0.28603
1497,-0.39354,0.28603
1498,-0.38538,0.28603
1499,-0.37486,0.28603
1500,-0.36393,0.28158
1501,-0.35449,0.28158
1502,-0.34798,0.28158
1503,-0.34511,0.28158
1504,-0.34592,0.28158
1505,-0.34998,0.28158
1506,-0.35667,0.28158
1507,-0.36542,0.28158
1508,-0.37585,0.28158
1509,-0.38772,0.28158
1510,-0.40091,0.28158
1511,-0.41527,0.28158
1512,-0.4306,0.28158
1513,-0.44664,0.28158
1514,-0.46318,0.28158
1515,-0.48,0.28158
1516,-0.49686,0.28158
1517,-0.51333,0.28158
1518,-0.5287,0.28158
1519,-0.54187,0.28158
1520,-0.55155,0.28158
1521,-0.55659,0.28158
1522,-0.55641,0.28158
1523,-0.55139,0.28158
1524,-0.543,0.28158
1525,-0.53355,0.28158
1526,-0.5256,0.28158
1527,-0.52116,0.28158
1528,-0.52098,0.28158
1529,-0.5242,0.28158
1530,-0.52847,0.28158
1531,-0.53071,0.28158
1532,-0.5281,0.28158
1533,-0.51909,0.28158
1534,-0.50406,0.28158
1535,-0.48539,0.28158
1536,-0.46683,0.28158
1537,-0.45243,0.28158
1538,-0.44539,0.28158
1539,-0.44707,0.28158
1540,-0.45656,0.28158
1541,-0.47098,0.28158
1542,-0.48623,0.28158
1543,-0.49813,0.28158
1544,-0.50349,0.28158
1545,-0.50081,0.28158
1546,-0.4906,0.28158
1547,-0.47508,0.28158
1548,-0.45757,0.28158
1549,-0.44168,0.28158
1550,-0.43051,0.28158
1551,-0.42605,0.28158
1552,-0.42882,0.28158
1553,-0.43783,0.28158
1554,-0.45078,0.28158
1555,-0.46449,0.28158
1556,-0.47552,0.28158
1557,-0.48088,0.28158
1558,-0.47868,0.28158
1559,-0.46871,0.28158
1560,-0.45259,0.28158
1561,-0.43359,0.28158
1562,-0.41596,0.28158
1563,-0.40395,0.28158
1564,-0.40077,0.28158
1565,-0.40774,0.28158
1566,-0.42399,0.28158
1567,-0.44677,0.28158
1568,-0.47231,0.28158
1569,-0.49702,0.28158
1570,-0.5186,0.28158
1571,-0.53661,0.28158
1572,-0.55244,0.28158
1573,-0.56847,0.28158
1574,-0.58686,0.28158
1575,-0.60829,0.28158
1576,-0.63127,0.28158
1577,-0.65215,0.28158
1578,-0.66607,0.28158
1579,-0.66843,0.28158
1580,-0.65652,0.28158
1581,-0.63065,0.28158
1582,-0.59444,0.28158
1583,-0.55403,0.28158
1584,-0.5165,0.28158
1585,-0.48793,0.28158
1586,-0.47175,0.28158
1587,-0.46788,0.28158
1588,-0.47298,0.28158
1589,-0.48162,0.28158
1590,-0.4882,0.28158
1591,-0.4887,0.28158
1592,-0.48193,0.28158
1593,-0.46979,0.28158
1594,-0.45648,0.28158
1595,-0.44691,0.28158
1596,-0.44498,0.28158
1597,-0.45218,0.28158
1598,-0.46707,0.28158
1599,-0.48574,0.28158
1600,-0.50315,0.28158
1601,-0.51474,0.28158
1602,-0.51788,0.28158
1603,-0.51267,0.28158
1604,-0.50165,0.28158
1605,-0.48885,0.28158
1606,-0.47823,0.28158
1607,-0.47237,0.28158
1608,-0.47161,0.28158
1609,-0.47418,0.28158
1610,-0.47708,0.28158
1611,-0.47748,0.28158
1612,-0.47407,0.28158
1613,-0.46781,0.28158
1614,-0.4618,0.28158
1615,-0.4603,0.28158
1616,-0.46711,0.28158
1617,-0.48405,0.28158
1618,-0.5099,0.28158
1619,-0.54034,0.28158
1620,-0.56902,0.28158
1621,-0.58919,0.28158
1622,-0.59572,0.28158
1623,-0.58651,0.28158
1624,-0.56309,0.28158
1625,-0.53009,0.28158
1626,-0.49373,0.28158
1627,-0.46,0.28158
1628,-0.43301,0.28158
1629,-0.41409,0.28158
1630,-0.40185,0.28158
1631,-0.39324,0.28158
1632,-0.38502,0.28158
1633,-0.37528,0.28158
1634,-0.36434,0.28158
1635,-0.35477,0.28158
1636,-0.35059,0.28158
1637,-0.35576,0.28158
1638,-0.37273,0.28158
1639,-0.40122,0.28158
1640,-0.43793,0.28158
1641,-0.47711,0.28158
1642,-0.51188,0.28158
1643,-0.53594,0.28158
1644,-0.54518,0.28158
1645,-0.53861,0.28158
1646,-0.51854,0.28158
1647,-0.48973,0.28158
1648,-0.458,0.28158
1649,-0.42856,0.28158
1650,-0.40472,0.28158
1651,-0.38716,0.28158
1652,-0.37416,0.28158
1653,-0.36254,0.28158
1654,-0.34908,0.28158
1655,-0.3318,0.28158
1656,-0.3109,0.28158
1657,-0.28882,0.28158
1658,-0.26959,0.28158
1659,-0.25758,0.28158
1660,-0.25614,0.28158
1661,-0.26653,0.28158
1662,-0.28751,0.28158
1663,-0.31565,0.28158
1664,-0.34636,0.28158
1665,-0.37524,0.28158
1666,-0.39922,0.28158
1667,-0.41736,0.28158
1668,-0.43085,0.28158
1669,-0.44234,0.28158
1670,-0.45494,0.28158
1671,-0.47098,0.28158
1672,-0.49125,0.28158
1673,-0.51475,0.28158
1674,-0.53909,0.28158
1675,-0.56131,0.28158
1676,-0.57893,0.28158
1677,-0.59063,0.28158
1678,-0.59653,0.28158
1679,-0.59783,0.28158
1680,-0.59607,0.28158
1681,-0.59231,0.28158
1682,-0.58653,0.28158
1683,-0.57769,0.28158
1684,-0.5643,0.28158
1685,-0.54543,0.28158
1686,-0.52174,0.28158
1687,-0.49603,0.28158
1688,-0.47311,0.28158
1689,-0.45877,0.28158
1690,-0.45825,0.28158
1691,-0.47454,0.28158
1692,-0.50723,0.28158
1693,-0.55213,0.28158
1694,-0.60208,0.28158
1695,-0.64861,0.28158
1696,-0.684,0.28158
1697,-0.70321,0.28158
1698,-0.70495,0.28158
1699,-0.6917,0.28158
1700,-0.66868,0.28158
1701,-0.64205,0.28158
1702,-0.61711,0.28158
1703,-0.59692,0.28158
1704,-0.58185,0.28158
1705,-0.57008,0.28158
1706,-0.5588,0.28158
1707,-0.54572,0.28158
1708,-0.53012,0.28158
1709,-0.5134,0.28158
1710,-0.49862,0.28158
1711,-0.48949,0.28158
1712,-0.48905,0.28158
1713,-0.49857,0.28158
1714,-0.51695,0.28158
1715,-0.5409,0.28158
1716,-0.56572,0.28158
1717,-0.58648,0.28158
1718,-0.59921,0.28158
1719,-0.60181,0.28158
1720,-0.59451,0.28158
1721,-0.57972,0.28158
1722,-0.5615,0.28158
1723,-0.54469,0.28158
1724,-0.53386,0.28158
1725,-0.53239,0.28158
1726,-0.5417,0.28158
1727,-0.56086,0.28158
1728,-0.58665,0.28158
1729,-0.61414,0.28158
1730,-0.63768,0.28158
1731,-0.65222,0.28158
1732,-0.65445,0.28158
1733,-0.64371,0.28158
1734,-0.62213,0.28158
1735,-0.59407,0.28158
1736,-0.56491,0.28158
1737,-0.5395,0.28158
1738,-0.52081,0.28158
1739,-0.50917,0.28158
1740,-0.50234,0.28158
1741,-0.49653,0.28158
1742,-0.48786,0.28158
1743,-0.47395,0.28158
1744,-0.45493,0.28158
1745,-0.43357,0.28158
1746,-0.41447,0.28158
1747,-0.40257,0.28158
1748,-0.40144,0.28158
1749,-0.41202,0.28158
1750,-0.43216,0.28158
1751,-0.45719,0.28158
1752,-0.48131,0.28158
1753,-0.49928,0.28158
1754,-0.50791,0.28158
1755,-0.50687,0.28158
1756,-0.49854,0.28158
1757,-0.48712,0.28158
1758,-0.47718,0.28158
1759,-0.4723,0.28158
1760,-0.47417,0.28158
1761,-0.48231,0.28158
1762,-0.49457,0.28158
1763,-0.50801,0.28158
1764,-0.51993,0.28158
1765,-0.5286,0.28158
1766,-0.53359,0.28158
1767,-0.53553,0.28158
1768,-0.53565,0.28158
1769,-0.53515,0.28158
1770,-0.53478,0.28158
1771,-0.53462,0.28158
1772,-0.53428,0.28158
1773,-0.53312,0.28158
1774,-0.53064,0.28158
1775,-0.52661,0.28158
1776,-0.52117,0.28158
1777,-0.51467,0.28158
1778,-0.50749,0.28158
1779,-0.49982,0.28158
1780,-0.49168,0.28158
1781,-0.48286,0.28158
1782,-0.4731,0.28158
1783,-0.46219,0.28158
1784,-0.45004,0.28158
1785,-0.43682,0.28158
1786,-0.42291,0.28158
1787,-0.40891,0.28158
1788,-0.39565,0.28158
1789,-0.38414,0.28158
1790,-0.37543,0.28158
1791,-0.37049,0.28158
1792,-0.37001,0.28158
1793,-0.37413,0.28158
1794,-0.3823,0.28158
1795,-0.39326,0.28158
1796,-0.4052,0.28158
1797,-0.41604,0.28158
1798,-0.42394,0.28158
1799,-0.42764,0.28158
1800,-0.4269,0.28158
1801,-0.42264,0.28158
1802,-0.41683,0.28158
1803,-0.41224,0.28158
1804,-0.41188,0.28158
1805,-0.41843,0.28158
1806,-0.4336,0.28158
1807,-0.45763,0.28158
1808,-0.48909,0.28158
1809,-0.52492,0.28158
1810,-0.56092,0.28158
1811,-0.59249,0.28158
1812,-0.61548,0.28158
1813,-0.62709,0.28158
1814,-0.62641,0.28158
1815,-0.6145,0.28158
1816,-0.59408,0.28158
1817,-0.56868,0.28158
1818,-0.54176,0.28158
1819,-0.51583,0.28158
1820,-0.49193,0.28158
1821,-0.46973,0.28158
1822,-0.44795,0.28158
1823,-0.42522,0.28158
1824,-0.40092,0.28158
1825,-0.37572,0.28158
1826,-0.35173,0.28158
1827,-0.33212,0.28158
1828,-0.32029,0.28158
1829,-0.31893,0.28158
1830,-0.32929,0.28158
1831,-0.3507,0.28158
1832,-0.38077,0.28158
1833,-0.41589,0.28158
1834,-0.45221,0.28158
1835,-0.48647,0.28158
1836,-0.51665,0.28158
1837,-0.54217,0.28158
1838,-0.56356,0.28158
1839,-0.58182,0.28158
1840,-0.59757,0.28158
1841,-0.61045,0.28158
1842,-0.61885,0.28158
1843,-0.62021,0.28158
1844,-0.61175,0.28158
1845,-0.59139,0.28158
1846,-0.55871,0.28158
1847,-0.51544,0.28158
1848,-0.46548,0.28158
1849,-0.4143,0.28158
1850,-0.36799,0.28158
1851,-0.33205,0.28158
1852,-0.31036,0.28158
1853,-0.30455,0.28158
1854,-0.31376,0.28158
1855,-0.33495,0.28158
1856,-0.36346,0.28158
1857,-0.39384,0.28158
1858,-0.42056,0.28158
1859,-0.43882,0.28158
1860,-0.44517,0.28158
1861,-0.43802,0.28158
1862,-0.41808,0.28158
1863,-0.38836,0.28158
1864,-0.35393,0.28158
1865,-0.32101,0.28158
1866,-0.29575,0.28158
1867,-0.28269,0.28158
1868,-0.28344,0.28158
1869,-0.29595,0.28158
1870,-0.31482,0.28158
1871,-0.33257,0.28158
1872,-0.34175,0.28158
1873,-0.33719,0.28158
1874,-0.31771,0.28158
1875,-0.28666,0.28158
1876,-0.2511,0.28158
1877,-0.21967,0.28158
1878,-0.20001,0.28158
1879,-0.19648,0.28158
1880,-0.20892,0.28158
1881,-0.23298,0.28158
1882,-0.26186,0.28158
1883,-0.28871,0.28158
1884,-0.30892,0.28158
1885,-0.32144,0.28158
1886,-0.32865,0.28158
1887,-0.33492,0.28158
1888,-0.34446,0.28158
1889,-0.35929,0.28158
1890,-0.37818,0.28158
1891,-0.39693,0.28158
1892,-0.40983,0.28158
1893,-0.41191,0.28158
1894,-0.40087,0.28158
1895,-0.3782,0.28158
1896,-0.34897,0.28158
1897,-0.32046,0.28158
1898,-0.30007,0.28158
1899,-0.29331,0.28158
1900,-0.30248,0.28158
1901,-0.32639,0.28158
1902,-0.36101,0.28158
1903,-0.40085,0.28158
1904,-0.44032,0.28158
1905,-0.47486,0.28158
1906,-0.50141,0.28158
1907,-0.51841,0.28158
1908,-0.52542,0.28158
1909,-0.52281,0.28158
1910,-0.51148,0.28158
1911,-0.49286,0.28158
1912,-0.46894,0.28158
1913,-0.44229,0.28158
1914,-0.41576,0.28158
1915,-0.39215,0.28158
1916,-0.37353,0.28158
1917,-0.36088,0.28158
1918,-0.35375,0.28158
1919,-0.3504,0.28158
1920,-0.34823,0.28158
1921,-0.34444,0.28158
1922,-0.33673,0.28158
1923,-0.32392,0.28158
1924,-0.30623,0.28158
1925,-0.28526,0.28158
1926,-0.2636,0.28158
1927,-0.24414,0.28158
1928,-0.22928,0.28158
1929,-0.22015,0.28158
1930,-0.21614,0.28158
1931,-0.21475,0.28158
1932,-0.21207,0.28158
1933,-0.20369,0.28158
1934,-0.18588,0.28158
1935,-0.15679,0.28158
1936,-0.11738,0.28158
1937,-0.071574,0.28158
1938,-0.025675,0.28158
1939,0.01294,0.28158
1940,0.037578,0.28158
1941,0.043904,0.28158
1942,0.031072,0.28158
1943,0.0019327,0.28158
1944,-0.03777,0.28158
1945,-0.080964,0.28158
1946,-0.1211,0.28158
1947,-0.1537,0.28158
1948,-0.17703,0.28158
1949,-0.1919,0.28158
1950,-0.20048,0.28158
1951,-0.20489,0.28158
1952,-0.20605,0.28158
1953,-0.20323,0.28158
1954,-0.19471,0.28158
1955,-0.17898,0.28158
1956,-0.15614,0.28158
1957,-0.12879,0.28158
1958,-0.10181,0.28158
1959,-0.081127,0.28158
1960,-0.071738,0.28158
1961,-0.075849,0.28158
1962,-0.09181,0.28158
1963,-0.11439,0.28158
1964,-0.13638,0.28158
1965,-0.15098,0.28158
1966,-0.15411,0.28158
1967,-0.14574,0.28158
1968,-0.12981,0.28158
1969,-0.11257,0.28158
1970,-0.10018,0.28158
1971,-0.096292,0.28158
1972,-0.10065,0.28158
1973,-0.10917,0.28158
1974,-0.11548,0.28158
1975,-0.11338,0.28158
1976,-0.099129,0.28158
1977,-0.072853,0.28158
1978,-0.038475,0.28158
1979,-0.0022566,0.28158
1980,0.029455,0.28158
1981,0.052377,0.28158
1982,0.065552,0.28158
1983,0.071297,0.28158
1984,0.073951,0.28158
1985,0.078001,0.28158
1986,0.086369,0.28158
1987,0.099525,0.28158
1988,0.11571,0.28158
1989,0.13211,0.28158
1990,0.14633,0.28158
1991,0.15768,0.28158
1992,0.16756,0.28158
1993,0.17897,0.28158
1994,0.19525,0.28158
1995,0.21873,0.28158
1996,0.25013,0.28158
1997,0.28676,0.28158
1998,0.32554,0.28158
1999,0.36247,0.28158
2000,0.39425,0.28158
2001,0.41911,0.28158
2002,0.43696,0.28158
2003,0.44896,0.28158
2004,0.4567,0.28158
2005,0.46135,0.28158
2006,0.46322,0.28158
